﻿<?xml version="1.0" encoding="UTF-8" standalone="yes"?>
<addon id="flixify.com" name="Flixify" version="1.8.0" provider-name="flixify.com">
  <requires><import addon="xbmc.python" version="2.1.0"/></requires>
  <extension point="xbmc.python.pluginsource" provides="video" library="default.py"><provides>video</provides></extension>
  <extension point="xbmc.addon.metadata">
    <summary>Flixify</summary>
    <description></description>
    <platform>all</platform>
  </extension>
  <extension point="xbmc.service" start="startup" library="service.py">
    <provides>executable</provides>
  </extension>
  <extension point="xbmc.addon.repository" name="Official Flixify Add-On Repository">
    <info compressed="true">https://flx-srv.com/kodi/addons.xml</info>
    <checksum>https://flx-srv.com/kodi/addons.xml.md5</checksum>
    <datadir zip="true">https://flx-srv.com/kodi/</datadir>
  </extension>
</addon>

